timestamp,transactionHash,maker_address,market_slug,outcome,side,price,size,volume_usd,market_title
1766181889,0x76fe7c725d69be7a01a74566deb887df48c9fa7aac327eacefcdb724668bc4b5,0xc98b99ed7f9748fb3eb8d13d0e4531d023286430,will-trump-release-the-epstein-files-by-december-19-771,Yes,BUY,0.9164078,500,458.2039,Will Trump release the Epstein files by December 19?
1766181889,0xbcfd7a5b7623d70ec9b497bc086d1b6610564be833f1abff53c0145650ccdec7,0x0b2e73db8f4eaad4d865be3ec013339891b3ca20,mlbb-rrq-fal-2025-12-19-team-falcons-to-win-1-games,Yes,BUY,0.999,200,199.8,Team Falcons to win 1 games?
1766186749,0x66423afb75aef6893ddf673bfb0a34391ba37885f4e80faf15d66defdfac03b0,0xf5fe4a96475d6ff7421b8ceeb3d634754fe67a9c,will-the-fight-end-in-another-outcome,Yes,BUY,0.0293827763,100000,2938.27763,Will Jake Paul vs. Anthony Joshua have no official winner?
1766186747,0x48aaf7225e5628d664fcd2272f34fb8f67ce974c307ad7a99eb2b298074b55c6,0xa1f39b9b21a7bfb0f540cf106b92e240c7b7d99c,nba-sas-atl-2025-12-19-spread-away-3pt5,Hawks,BUY,0.5,2000,1000,Spread: Spurs (-3.5)
1766186747,0x24700d517f83435101eeb05d25827f28c4e4d296c10a70831314912256b910a4,0x92f4e53c4053d90f8bfe0fb760dad4c1897863d9,btc-updown-15m-1766186100,Up,SELL,0.9348921671409316,133.54,124.8455,Bitcoin Up or Down - December 19. 6:15PM-6:30PM ET
1766186747,0xafc357264fd34df5525b951a36f1fce6d6908e0401263eb0890eeb4188737763,0xa59ffa1a587f4054b46c50e58e3ef5558ba9d53c,nba-sas-atl-2025-12-19-spread-away-3pt5,Hawks,BUY,0.5,3600,1800,Spread: Spurs (-3.5)
1766186745,0xc8c3c38e097e7b0b107784de18f025499894118cbfa27d8eba4a2e6275d4a9f3,0xe60a9b0be459d9849bc2339dac20517639ae6a47,cbb-alcst-bayl-2025-12-19-total-163pt5,Under,BUY,0.58,100,57.99999999999999,Alcorn State Braves vs. Baylor Bears: O/U 163.5
1766186743,0x669d2a7479754f3313a9d63b2a05861c8be68eadb700890984e6b7c331b34680,0x53757615de1c42b83f893b79d4241a009dc2aeea,boxing-jake-paul-vs-anthony-joshua,Paul,BUY,0.11,5107,561.77,Who will win Jake Paul vs Anthony Joshua?
1766186843,0x8877ea9bc8130a16288d42fb81f804cde3113e05314d68b1dbd7ba2b8a1d0e84,0x12fda392be4a64ae8669d129a708125cc7685fab,eth-updown-15m-1766187000,Up,BUY,0.51,100,51,Ethereum Up or Down - December 19. 6:30PM-6:45PM ET
1766186841,0x8c1708473e0a8a6ea6f057c11a53f7af57c3cb20072a4e26bf3699ebbb8d6390,0x72a22d4d155079da8f50c89d4c6c03b6428e7b65,will-barack-obama-be-named-in-newly-released-epstein-files,No,SELL,0.93,72,66.96000000000001,Will Barack Obama be named in newly released Epstein files?
1766186841,0x19db5e31107cdf2e122e8391d4569cf8b95ee89ef5160ccc2f4d3cfa8facd714,0x6df784292a75abce5f519d2fbce75a8ee18d75eb,will-the-phoenix-suns-win-the-2026-nba-finals,No,BUY,0.993,67.47,66.99771,Will the Phoenix Suns win the 2026 NBA Finals?
1766186841,0x7dea3a0274c3a7751499160a4f5bda869e274618d5c16ea6d8c5b2e3e5fa6c1f,0xf98dec26318d00d7863746d6aa2347691ee37adb,nba-chi-cle-2025-12-19,Cavaliers,BUY,0.61,19392.88,11829.6568,Bulls vs. Cavaliers
1766186841,0x28fa61aae6697ee97e587697db49252c2f82370e69f4e611f812eb30a108deee,0xf5cfe6f998d597085e366f915b140e82e0869fc6,maduro-out-by-march-31-2026-187-483,Yes,BUY,0.39,434,169.26000000000002,Maduro out by March 31. 2026?
1766186839,0xa96d6728de546d64778d41b9bdd2660f5e591c33bdb383c75de9c9725362472b,0x97525f551d61452aac12e7636a026c7225d762be,eth-updown-15m-1766187000,Up,BUY,0.51,100,51,Ethereum Up or Down - December 19. 6:30PM-6:45PM ET
1766186839,0xf3dc28bbd94d190b66a1106e28084986c5f5a974025ec778a7e2c3f80495fbf2,0x1f496a1cc840c95a1eca13f1b5bbdf983ff27458,maduro-out-in-2025-411,No,BUY,0.9518331776082855,2626.510671,2499.999998,Maduro out in 2025?
1766186837,0xc78e1f296d957dfed9b533f9752ad58978d398e634fc6c8d1f1f10f233dd5be3,0xb7f55b6d32c2ee3768192d676cd66354f51fc669,cbb-seton-prov-2025-12-19-total-153pt5,Under,BUY,0.53,781,413.93,Seton Hall Pirates vs. Providence Friars: O/U 153.5
1766186837,0x0929bf91b563374370da93c5810dc849a9b7ff11269cc017f149afd4840e9872,0x5939d12d9d7dd3598852968d4613111f1a2ac5a7,will-jake-paul-win-his-boxing-match-against-anthony-joshua,Yes,BUY,0.08899999924198128,1116.067414,99.32999900000002,Will Jake Paul win his boxing match against Anthony Joshua?
1766186835,0x4c136f8b2ffa990f042c0ae60c6acfc98592dfac9dbbe83df09eaf309bfd6b57,0x3493f828a284d03a67123003d4403ede49ae40af,will-anthony-joshua-win-his-boxing-match-against-jake-paul,Yes,BUY,0.89,224.7191,199.999999,Will Anthony Joshua win his boxing match against Jake Paul?
1766186835,0xa4aa6150699e247fd43136ab59174701b13081bef864bbb581dab11da239a61f,0x53757615de1c42b83f893b79d4241a009dc2aeea,boxing-jake-paul-vs-anthony-joshua,Paul,BUY,0.11,2490,273.9,Who will win Jake Paul vs Anthony Joshua?
1766186835,0xb43cdd20f26d42aed90243cab5e944db38046392598c9bfbb6f62e8e0716527c,0xcaf3feb3731b13659dd00336d5902119b6c184a4,sol-updown-15m-1766186100,Up,BUY,0.946969696969697,52.8,50,Solana Up or Down - December 19. 6:15PM-6:30PM ET
1766186833,0x160150e63af12ebdf57c5ceb840a79975d343f1dda55a34017aa200d5fcfce0c,0x10eef83ae877faee32e0c06e7fef349813d79e31,will-corey-booker-win-the-2028-democratic-presidential-nomination-125,No,SELL,0.99,122,120.78,Will Corey Booker win the 2028 Democratic presidential nomination?
1766186833,0x98249760ab7702e03368ed8afc90933e72e5370c5b161d119cd0ea418c92fc87,0xc4df1c9bfbea5ed330ad46da02a92ad369fbecd8,xrp-updown-15m-1766186100,Up,BUY,0.98,102.04,99.9992,XRP Up or Down - December 19. 6:15PM-6:30PM ET
1766186833,0xecfd392882f2ac11316e1a65e96df866a810b84ccc957b585d53e3b1ca4e1015,0xbd95ce4f49090d566ef677759f655c59d4c2e333,btc-updown-15m-1766186100,Up,BUY,0.97,200,194,Bitcoin Up or Down - December 19. 6:15PM-6:30PM ET
1766186831,0xd335a45db74ef9ec386a3d0294a89eaa83259c64142c7d0570c9d0839fa2296f,0x898bad15ccbb68b74b340832f053d149d3115493,btc-updown-15m-1766186100,Up,BUY,0.9680853602282306,146.7639,142.079983,Bitcoin Up or Down - December 19. 6:15PM-6:30PM ET
1766186831,0x3d222f8e6bdc022351f9874d5a3ea2dd716c90b28c208d1c6e0f243505206d69,0x23abf68bb64e2c78a49a531c46813b83f7d01601,will-jake-paul-win-his-boxing-match-against-anthony-joshua,No,BUY,0.9129999916734399,109.529024,99.999998,Will Jake Paul win his boxing match against Anthony Joshua?
1766186831,0xb3a62bc3d6f155bcd05968dcc48a633dfdfc72273bb3583ab31adc1a484f0e7e,0x9156c98b3d2aceccd8aec97cde35ddba2a83fbd3,btc-updown-15m-1766186100,Up,SELL,0.95,106.97,101.6215,Bitcoin Up or Down - December 19. 6:15PM-6:30PM ET
1766186831,0x2322a56b4defe91c62182c48691230197421ec4e2c3b2fa5d2b1bacf01107a1b,0x75c4c1bb46f963538b602c28f98751b2640577f9,eth-updown-15m-1766186100,Up,BUY,0.95,80.68,76.646,Ethereum Up or Down - December 19. 6:15PM-6:30PM ET
1766186829,0xf5f35fadffb2427fcb58486e2833afd6e8ebc2e9fb9136c155148e75f0f1dd72,0xe60a9b0be459d9849bc2339dac20517639ae6a47,lal-vil-bar-2025-12-21-bar,Yes,BUY,0.54,100,54,Will FC Barcelona win on 2025-12-21?
1766186827,0xf7997aefeb348407b2b7b8fb8899e8789a0df1be90011b1b981b81e1f4dd30c6,0xe60a9b0be459d9849bc2339dac20517639ae6a47,lal-vil-bar-2025-12-21-bar,Yes,BUY,0.54,881,475.74,Will FC Barcelona win on 2025-12-21?
1766186825,0xc6102ab9ddb82c51aedbc7872926df1e2b5040b4fe8b5d391d4380fc994ae7d2,0xaa57cd0782fb4583206ce547379e6442db61a128,eth-updown-15m-1766186100,Up,BUY,0.9065683333333333,300,271.9705,Ethereum Up or Down - December 19. 6:15PM-6:30PM ET
1766186825,0x039edc12320f13643b366246d3c831c61b1f18b17e6ec18e7e178313c046ca26,0x197040709ae61627d3685a8d6ce1f9e82e6b398d,will-anthony-joshua-win-his-boxing-match-against-jake-paul,Yes,BUY,0.89,910,809.9,Will Anthony Joshua win his boxing match against Jake Paul?
1766186931,0xc7b20d8b883464471311435a77e336fc8f52e8fe51ca523e39fd048aa9f6fc89,0x204f72f35326db932158cba6adff0b9a1da95e14,cbb-sdkst-wbd-2025-12-19,South Dakota State Jackrabbits,BUY,0.45867638541756395,226.652172,103.959999,South Dakota State Jackrabbits vs. Milwaukee Panthers
1766186929,0x68303f810fca15461ed760cf053bc20d70dc0a5956315264e6d8c24e22d83204,0xde0463ea7f611b065e8ab06bbfbddad75e6dfa37,cbb-sdkst-wbd-2025-12-19,Milwaukee Panthers,BUY,0.55,500,275,South Dakota State Jackrabbits vs. Milwaukee Panthers
1766186925,0x06706909dad70caf881c4208c305a8cbc059076303396febe801d1f0d0432169,0xbacd00c9080a82ded56f504ee8810af732b0ab35,will-michael-jackson-be-named-in-newly-released-epstein-files,No,BUY,0.4769767441860465,430,205.1,Will Michael Jackson be named in newly released Epstein files?
1766186925,0xaed431eb2d9b23ac03a470629434849452da77dc61966938eb143b0a5435ca25,0xdbdd45150249e229eb4ca8aa48a30dca21faa5de,cbb-sdkst-wbd-2025-12-19,Milwaukee Panthers,BUY,0.51,100,51,South Dakota State Jackrabbits vs. Milwaukee Panthers
1766186925,0x321a7c550caff7ead8da8e53fdec0521f2ef669d38e7e00c471acaa7e2610fb0,0x54b56146656e7eef9da02b3a030c18e06e924b31,will-trump-release-the-epstein-files-by-december-19-771,Yes,SELL,0.995,150,149.25,Will Trump release the Epstein files by December 19?
1766186925,0x8abd26d94a5d105a3825b9f948734cb62053a41d58d5aa50a70fda4d370ae23c,0x6f2628a8ac6e3f7bd857657d5316c33822ced136,bitcoin-above-78k-on-december-23,Yes,BUY,0.9879608276165337,230.009083,227.239964,Will the price of Bitcoin be above $78.000 on December 23?
1766186925,0x01d05e83a75bde5655a81ca5e7583bbff27c16f1751bbb819c49f2fe8c76bb2a,0x204f72f35326db932158cba6adff0b9a1da95e14,cbb-sdkst-wbd-2025-12-19,Milwaukee Panthers,BUY,0.51,310,158.1,South Dakota State Jackrabbits vs. Milwaukee Panthers
1766186923,0xf4294e1da7c39f4ad2f02e5053375ea60c2582559e878489692d8eac4ddffc56,0x926df8dd0519e7408636170f3a02989c4e75635e,will-jake-paul-win-by-kotkodq-811,No,BUY,0.964914107669486,545.924237,526.769998,Will Jake Paul win by KO/TKO/DQ?
1766186923,0x5fc898a8f59357a799d9c94716281949aa49c65fd05cb1a0a3efb8dbecc54a58,0xe5b51e78870e032266d9f1768306c6132d4f8aef,will-union-saint-gilloise-win-the-202526-champions-league,No,BUY,0.999,1409.409,1407.999591,Will Union Saint-Gilloise win the 2025–26 Champions League?
1766187019,0x17b37e7ad08dcf8a2bf2a7ac6355ea33e411d655aba98a720752026de842daf8,0x87a8c6ac2e35f7f79a346ce22bdbaa3dc721445c,btc-updown-15m-1766187000,Down,BUY,0.66,106.92,70.5672,Bitcoin Up or Down - December 19. 6:30PM-6:45PM ET
1766187019,0xd8caf933c83988f38683fba9c41543bcb3747c60e1ec4b8d520e7fe6e4215793,0xecf4d3d0a960f0f4460761fe4672a14479799979,us-x-venezuela-military-engagement-by-december-31-391-819-722-945-174-285-817-971-353-859-836-598-255-382-192-983,No,SELL,0.84,700,588,US x Venezuela military engagement by December 31?
1766187019,0xf800c571077b9f972b80b028cd7150530ff4ef49ad8eaeb47187e0ec5bb499d5,0x7f69983eb28245bba0d5083502a78744a8f66162,btc-updown-15m-1766187000,Down,BUY,0.67,75,50.25,Bitcoin Up or Down - December 19. 6:30PM-6:45PM ET
1766187019,0xdddb8811b3578183fac07fa7399c118185f531bb336e7134d4ddb046726013d9,0x87a8c6ac2e35f7f79a346ce22bdbaa3dc721445c,btc-updown-15m-1766187000,Down,BUY,0.67,106.92,71.63640000000001,Bitcoin Up or Down - December 19. 6:30PM-6:45PM ET
1766187017,0xb2dfdf4f23a4b323b0af5c014cb9559353257e1a8a8c0a7ec206a8fdbee2ec49,0x961afce6bd9aec79c5cf09d2d4dac2b434b23361,btc-updown-15m-1766187000,Down,BUY,0.65,145,94.25,Bitcoin Up or Down - December 19. 6:30PM-6:45PM ET
1766187017,0xa37e65a5b1f8541b4360e2d3ffd66c9ee87f64f5ec25eaf1509c493bf950c2a1,0x961afce6bd9aec79c5cf09d2d4dac2b434b23361,btc-updown-15m-1766187000,Down,BUY,0.63,165.15,104.0445,Bitcoin Up or Down - December 19. 6:30PM-6:45PM ET
1766187017,0x60afa13c9ee8688572db0620255be286c83179eed9bc3a033245bfb7f010d916,0xd91c233d3f0f1e50e3f7a94e61b16c73be47e067,will-the-price-of-bitcoin-be-between-96000-98000-on-december-20,No,BUY,0.999,2550.26,2547.7097400000002,Will the price of Bitcoin be between $96.000 and $98.000 on December 20?
1766187017,0x355c676d2c3e897536d153542c17e31e8e7d8c6be504e21a77120405936c76e4,0x080a53ccb5caf5949d2e67074e8629fe1f249da4,btc-updown-15m-1766187000,Down,BUY,0.53,200,106,Bitcoin Up or Down - December 19. 6:30PM-6:45PM ET
1766187017,0xda4c6965fefaefa1c025057d447a100c1523a236f1331401669db4b34667d127,0x961afce6bd9aec79c5cf09d2d4dac2b434b23361,btc-updown-15m-1766187000,Down,BUY,0.5441872877832818,252.670362,137.499999,Bitcoin Up or Down - December 19. 6:30PM-6:45PM ET
1766187017,0x918e6a8ae430ae7e1cbdc0feb2c0f12eac7534742481f7f27e9daa45f05e4343,0xb63ac06f20eed05d0a34f61116d0580a0afb4064,bitcoin-above-88k-on-december-20,No,BUY,0.34,597,202.98000000000002,Will the price of Bitcoin be above $88.000 on December 20?
1766187017,0x32601d16c6039a6351c72f5caea76f37226961745f360f817225d63716fef6cd,0x6f2628a8ac6e3f7bd857657d5316c33822ced136,bitcoin-above-90k-on-december-20,No,BUY,0.94,4466,4198.04,Will the price of Bitcoin be above $90.000 on December 20?
1766187111,0x3be95bd5d9782914132d6bb9875d5071d5897fae4b87019a2f75e3f8e11fa5d8,0x91654fd592ea5339fc0b1b2f2b30bfffa5e75b98,nhl-van-nyi-2025-12-19,Canucks,BUY,0.45,341.36,153.61200000000002,Canucks vs. Islanders
1766187111,0x304e5bcfdf4e9acf2aa02072182060a13390731100b51a0a645ea3d223e9cad3,0xf5f232033c51448e17ced9f2ff7c91b78b620234,nhl-nj-utah-2025-12-19,Devils,BUY,0.43,227,97.61,Devils vs. Utah
1766187109,0x29e8ca70a45f2ee77654cdc2fabecd57dcdbfe05e78f3f34df902eea33ded99c,0x88b6e6704a2c3bdff2a7b21ce6b1b2e8f3343cff,will-trump-sell-1k-2pt5k-gold-cards-in-2025,No,BUY,0.9482955213353709,85.07,80.6715,Will Trump sell 1k-2.5k Gold Cards in 2025?
1766187109,0xf5e1bd5a778bce319c38c44515a7d341802de7e683971fa43bb094a61844105e,0x87a8c6ac2e35f7f79a346ce22bdbaa3dc721445c,btc-updown-15m-1766187000,Up,SELL,0.2252219728145654,320.76,72.2422,Bitcoin Up or Down - December 19. 6:30PM-6:45PM ET
1766187109,0x06ca3930d2c8d0ab29e4154bb73d15477de9fed83586e80c04b97e06746039ac,0xe60a9b0be459d9849bc2339dac20517639ae6a47,nba-sas-atl-2025-12-19,Spurs,BUY,0.61,500,305,Spurs vs. Hawks
1766187107,0x41b109fe7e1e7faaac8256d93a9ceb537dae98570b0446bbfc15b83c75f7edc2,0xe60a9b0be459d9849bc2339dac20517639ae6a47,nba-sas-atl-2025-12-19,Spurs,BUY,0.61,100,61,Spurs vs. Hawks
1766187107,0x1d044d17c4b2c364739c90316a68ef9bcbabf1da27c6dea728bed003a6e97caf,0x5d4a39cf0dacf8dede662c9e0242674c13815a1a,solana-all-time-high-before-2026,No,BUY,0.997,128.25,127.86525,Solana all time high before 2026?
1766187105,0xf27a5538def3757bf844f1487a7e2fa574fd9aa27f1858e235678bbe1266181b,0x53757615de1c42b83f893b79d4241a009dc2aeea,boxing-jake-paul-vs-anthony-joshua,Paul,BUY,0.11,6006,660.66,Who will win Jake Paul vs Anthony Joshua?
1766187101,0x6b5b35b0d23859c3ca87c7ed93ab417cf0c7707e853bae2c9b82e25452e931b4,0x08c0ec6ab9b37c2cc00030164b31b93a72f54f39,bitcoin-above-80k-on-december-20,Yes,BUY,0.999,67.777,67.709223,Will the price of Bitcoin be above $80.000 on December 20?
1766187101,0x97744a640571705a17942f4911f6d11359c8e49221f410a0c18172f5a2093d7f,0x87a8c6ac2e35f7f79a346ce22bdbaa3dc721445c,btc-updown-15m-1766187000,Down,SELL,0.7547275221349296,962.28,726.2592,Bitcoin Up or Down - December 19. 6:30PM-6:45PM ET
1766187201,0x98e425b74766f45072442798b4b884e1cbe7dc0a33a7dc2910eb475873e45af4,0x6a64b3b9b31608fabfd3124519d3fe318a45efd5,will-trump-release-the-epstein-files-by-december-19-771,Yes,SELL,0.995,93.75,93.28125,Will Trump release the Epstein files by December 19?
1766187199,0x0b2a37c0db8d5b3e745a678043bfc50b31b0a9f3faa7ed16a97e2db107e91661,0xcf6e295f9cc9767eb5579c83177fc87676d4b45b,spx-up-or-down-on-december-19-2025,Up,SELL,0.999,2500,2497.5,S&P 500 (SPX) Up or Down on December 19?
1766187199,0x2a990b32fb7c48e6cb04fa971f2e0c01a4bb881141c4e67fd635fa0213261db5,0x9e9a44961a17a6ab3815e4cd6bb0be51bce3a9a8,will-trump-say-beautiful-coal-or-clean-coal-at-rocky-mount-events-on-friday,Yes,BUY,0.73,135,98.55,Will Trump say "Beautiful Coal" or "Clean Coal" at Rocky Mount events on Friday?
1766187199,0xd40699520b0b49329be09ad49aca64e65aa4a050ad1eab62cf8459abf56f810b,0xc3200394fe335b646d329564c8af614408ca7637,sp500-all-time-high-by-december-31,Yes,BUY,0.5,295.89,147.945,S&P 500 all time high by December 31?
1766187199,0x689169b91e05f3fbcdd7e2b1c5ef1d710ed9d0d12c0c06abe98e74e024cbf2e7,0xb7f55b6d32c2ee3768192d676cd66354f51fc669,nhl-car-fla-2025-12-19-total-5pt5,Under,BUY,0.47,3942,1852.7399999999998,Hurricanes vs. Panthers: O/U 5.5
1766187197,0x982b1079ba341c7047ada09d33d3b5aa86fa72151eea87c08608d8f389d02a99,0xf58416a9f4240d7f192f84f920561c787507d8da,will-sentient-launch-a-token-in-2025,No,BUY,0.9499999981,105.263156,99.999998,Will Sentient launch a token in 2025?
1766187197,0x614b530766849cf4c158a650b9af2c9333ccccced0b1ee51c89fb90f1ac32ad6,0x3c1e0ca47fda726d4711e193f63c44e20ce29514,will-michael-jackson-be-named-in-newly-released-epstein-files,Yes,BUY,0.579999997912,172.413792,99.999999,Will Michael Jackson be named in newly released Epstein files?
1766187197,0x6361af441fc3b3c8041f2c60ef070e23dea4bf977864db13cc9b39cc46be2230,0xa2eef4e96f43568813a5d2ba27ff9f46e7624146,will-david-copperfield-be-named-in-newly-released-epstein-files,Yes,SELL,0.813,120.47,97.94210999999999,Will David Copperfield be named in newly released Epstein files?
1766187195,0xaab52307d9af40d5fa917eb5077bac171cf0442d52469940632e4ee5e0932d6f,0xe60a9b0be459d9849bc2339dac20517639ae6a47,nhl-nj-utah-2025-12-19,Devils,BUY,0.43,565,242.95,Devils vs. Utah
1766187193,0x158e40a78884c78b4dc687cd73a615e0def30f156d4ac0268bfc3de76f27eee9,0x1490f93c17c52b7f7e2475feee4bda6d61a2b7e6,will-trump-release-the-epstein-files-by-december-19-771,No,BUY,0.005,79640,398.2,Will Trump release the Epstein files by December 19?
1766187193,0x733219b43fd65ac477c79138e0400c005e73118ef7ec244c31b8c740b54121ba,0xee613b3fc183ee44f9da9c05f53e2da107e3debf,cfb-mia-txam-2025-12-20-total-48pt5,Over,BUY,0.48,390,187.2,Miami vs. Texas A&M: O/U 48.5
1766187193,0xa2b902e07388c7722976dfb87f4474248f893ffaf4ee2068ba3ead7f09f21918,0x689ae12e11aa489adb3605afd8f39040ff52779e,elon-musk-of-tweets-december-19-december-26-340-359,Yes,SELL,0.09,618,55.62,Will Elon Musk post 340-359 tweets from December 19 to December 26. 2025?
1766187193,0x703d0867174486b5c52a4cd2d628b9c47817c602bb84cbe646ceb419291395e0,0x7f69983eb28245bba0d5083502a78744a8f66162,xrp-updown-15m-1766187000,Down,BUY,0.58,121,70.17999999999999,XRP Up or Down - December 19. 6:30PM-6:45PM ET
1766187193,0xcf944555c8f452a9fe9282f3dd3db3f6e622534dab1ba0bb951c6be9713e774c,0x080a53ccb5caf5949d2e67074e8629fe1f249da4,xrp-updown-15m-1766187000,Down,BUY,0.58,200,115.99999999999999,XRP Up or Down - December 19. 6:30PM-6:45PM ET
1766187191,0xd9799ddaa1f3a8d5d98f340cc2ec7d6ae6e35b80174558ecd09d4b5f25d935c7,0x56c9fbdeccf198f1f5ad95ace39b24f5f7fb0d9e,no-change-in-fed-interest-rates-after-january-2026-meeting,Yes,SELL,0.77,6141.2,4728.724,No change in Fed interest rates after January 2026 meeting?
1766187291,0x4f07570fea154caf105f2ce633fcff6b7f804bdd1809bb2779cbe6e1409cc046,0x080a53ccb5caf5949d2e67074e8629fe1f249da4,btc-updown-15m-1766187000,Down,BUY,0.87,971.41,845.1266999999999,Bitcoin Up or Down - December 19. 6:30PM-6:45PM ET
1766187289,0x635a910d0e8a9c87595e0ee7706c39f90b1e687a198abf6d55593b5a618a72cc,0xe746893629422b55144626544da42ef38e00aae5,will-the-price-of-solana-be-between-90-100-on-december-20,No,BUY,0.999,526.896,526.369104,Will the price of Solana be between $90 and $100 on December 20?
1766187287,0x2e24cb369cbee02cf528745cd0d8e779cffd72e13a1c9d2f7d12e8d3118be823,0x858bfd04e4b4e792812cbe6d617bd6a14addb82f,will-jake-paul-win-his-boxing-match-against-anthony-joshua,Yes,BUY,0.084,1698.29,142.65636,Will Jake Paul win his boxing match against Anthony Joshua?
1766187285,0x60c889efdd15d36a33a28e721dcf22fc0bdaa0e99a3dca7e2c4663bcfe579c99,0x53757615de1c42b83f893b79d4241a009dc2aeea,boxing-jake-paul-vs-anthony-joshua,Paul,BUY,0.11,4507,495.77,Who will win Jake Paul vs Anthony Joshua?
1766187285,0xf5c3d3fcc15d1ab5078ba67511d49a33028ec048f2bdc1bcc5b36bbb5d11641c,0x9f2db0f03c8a78f195a3a06295b7634a3cc3c867,will-jake-paul-win-his-boxing-match-against-anthony-joshua,Yes,BUY,0.08399999926416,1190.476189,99.999999,Will Jake Paul win his boxing match against Anthony Joshua?
1766187285,0x268ee97d739ad8516f2ef15f8d12335acb5d1f7710fcd63a78fac0da002bb123,0xe60a9b0be459d9849bc2339dac20517639ae6a47,nba-hou-den-2025-12-20,Nuggets,BUY,0.54,263,142.02,Rockets vs. Nuggets
1766187285,0xf38174be45a67893bcbace24d83a6a1d558a4e1e9268665bf0e5cf26e2d4d30c,0x466e321547e4f60eb4277828c3734748825e10e1,will-jake-paul-win-his-boxing-match-against-anthony-joshua,Yes,BUY,0.08354981345407005,2381.812619,199,Will Jake Paul win his boxing match against Anthony Joshua?
1766187283,0x52fdb0af4d72f0c89aa5282fb9a113d8c67e265128864d49591e96b206c7aaf1,0x117ea76071d5fdb7a23432c733acdf2b02e6659c,will-jake-paul-win-his-boxing-match-against-anthony-joshua,Yes,BUY,0.083,1000,83,Will Jake Paul win his boxing match against Anthony Joshua?
1766187283,0x4b2eab104bd1b76fd279caefd8db116ba2ab69d818b6419a856c03ffaf92fa8a,0xe62d0223966f7cee8cc77065150a2db417bcc34d,ethereum-above-3100-on-december-20,No,BUY,0.965,1030,993.9499999999999,Will the price of Ethereum be above $3.100 on December 20?
1766187281,0xe0b5f545c37c2cf988acd7c0e665dc3f26cfb2badf59962a27afcc2960029625,0xec1369338d55b6e2baba1fed61f533d86431862b,nhl-van-nyi-2025-12-19,Canucks,BUY,0.45,4000,1800,Canucks vs. Islanders
1766187383,0xf32d5071baf5290329b2e41ea3bfaa51fb4c750c27dce8bd1709f3ae4e835bc9,0xc7e53ac4a7c76d6df8b794de2e7d0794265d2d3a,cfb-ala-okl-2025-12-19,Alabama,BUY,0.45999999984053336,1630.434781,749.999999,Alabama vs. Oklahoma
1766187377,0xb00cd240c98259efbf02a0d4e78d9d16621ad58900ac013fe25b3e1e6d575714,0xcbf55453129d8164ecb1baac07680f0ad7326638,btc-updown-15m-1766187000,Up,BUY,0.1090765569758876,916.787271,99.999999,Bitcoin Up or Down - December 19. 6:30PM-6:45PM ET
1766187375,0x4f21f598db2cb1f1fb3a5000f0ac6320b37cbf590e4e044f0630acc066dd596d,0x066f07f4ca223e5285046760172ca03fb040b576,nhl-van-nyi-2025-12-19,Canucks,BUY,0.45,5555,2499.75,Canucks vs. Islanders
1766187371,0x57d61f4d3e2ef039c2a3f2f0bb4d556754ba9adc9145d113ef8357f3b3f5b9ce,0x3493f828a284d03a67123003d4403ede49ae40af,musk-no-longer-richest-person-in-the-world-by-end-of-year,No,SELL,0.99,100,99,Elon no longer world's richest before 2026?
1766187369,0xfd323234f202935f606a3e523e7fbe56bf45a2e5ab1aff937ca9a6aa55a1349e,0x961afce6bd9aec79c5cf09d2d4dac2b434b23361,eth-updown-15m-1766187000,Down,BUY,0.8,100,80,Ethereum Up or Down - December 19. 6:30PM-6:45PM ET
1766187369,0x662b77cb6d2abf3b1ede0a686e61566c3f52d19a2060bef62627691f07f75ddf,0x7c0fcee5267d3a42b387596a7a54eb4e932609de,nhl-van-nyi-2025-12-19,Canucks,BUY,0.45,217.39,97.82549999999999,Canucks vs. Islanders
1766187367,0x2dde3ff7e797a4c7d4c5a21a290b9dd69ce482914123ce20ab9585f623634488,0x45d59c4d70128ce7969124b515549aafb90e47ef,nhl-car-fla-2025-12-19-total-6pt5,Over,BUY,0.4,3340,1336,Hurricanes vs. Panthers: O/U 6.5
1766187471,0x3f8d093db442d0c29012549cd774a835d551908479d0e1d59ecef4bfe05b5e21,0xe60a9b0be459d9849bc2339dac20517639ae6a47,nba-sas-atl-2025-12-19,Spurs,BUY,0.61,180,109.8,Spurs vs. Hawks
1766187471,0x9657c79131b93cc4609b0da1c48de9f85def49bab2cefde2ec404b09c718d2cd,0x31cfff24e67216f38d2f5908d4114ae9a4114cd0,will-trump-say-hell-10-times-at-rocky-mount-events-on-friday,Yes,SELL,0.7141953214879202,156.46,111.743,Will Trump say "Hell" 10+ times at Rocky Mount events on Friday?
1766187471,0xe4d6f9706500fd1b35df0ac8e0c595736f1cb0e69fc5639d6d21b254411ba161,0xa4b8acd82d21d7ef33811d20f2dc4a40b8e498b9,btc-updown-15m-1766187000,Down,BUY,0.97,54,52.379999999999995,Bitcoin Up or Down - December 19. 6:30PM-6:45PM ET
1766187471,0x66f6f445ca024511a43ea97770893627ff4e6b53accc34ab71031d9b7f11b6c3,0xe598435df0cdf5d22bdd5082d557f75f9180a0a8,will-the-brown-university-shooter-be-arrested-on-december-19,No,SELL,0.9923582089552239,335,332.44,Will the Brown University shooter be arrested on December 19?
1766187469,0x9b663ad47dc7e9cab6b38ed45c20a8afd659ab116cbfa308c694d4e6c61d9199,0x2abd65819ead89e21fc566bdda7a8970f250e57b,will-trump-be-impeached-in-2025,No,SELL,0.996,64,63.744,Will Trump be impeached in 2025?
1766187469,0xf1f16b3272725c63b8ec05434239adaed0678d57abe818f8ac09e5527559d888,0xfc0ac46706a267b1447eb0fb5b02dc4db15ec2c4,will-the-fight-end-in-another-outcome,Yes,BUY,0.035736410215412344,2798.266485,99.999999,Will Jake Paul vs. Anthony Joshua have no official winner?
1766187467,0x20c923cea48bfbea937e9dd0ce34698cd9a384ad5bd194f0c8fc579a7c0ab3cb,0xb7f55b6d32c2ee3768192d676cd66354f51fc669,cbb-mstm-drexel-2025-12-19-spread-home-5pt5,Mount St. Marys Mountaineers,BUY,0.55,4325,2378.75,Spread: Drexel Dragons (-5.5)
1766187467,0x0681bb74c857453323e884b25b9ed7516d9195e059cc4726a657d1621c1a5890,0xee613b3fc183ee44f9da9c05f53e2da107e3debf,cbb-mstm-drexel-2025-12-19-spread-home-5pt5,Drexel Dragons,BUY,0.45,3100,1395,Spread: Drexel Dragons (-5.5)
1766187467,0x403436d09403a134bd0b34c4bf6124fdc004881de87e27d3dbf007ec268a0dfc,0x53757615de1c42b83f893b79d4241a009dc2aeea,boxing-jake-paul-vs-anthony-joshua,Paul,BUY,0.11,2848,313.28000000000003,Who will win Jake Paul vs Anthony Joshua?
1766187465,0xc4f2f73f52ba371d3cba6e1a1b05c34fd2a187ac88384c87e367468469f79f14,0x5ef22d20b4a452dcadbd0e59e7309a43e2fbf473,nhl-van-nyi-2025-12-19,Canucks,BUY,0.45,2000,900,Canucks vs. Islanders
1766187465,0xef314075d02a2078e1fa4abe2ddb639db8840057111c054bfb44d863439ba5c7,0x0a388e6488fb1c968806dc3a1a02756fab68b630,will-jake-paul-win-his-boxing-match-against-anthony-joshua,Yes,BUY,0.08499999922340751,1152.470587,97.959999,Will Jake Paul win his boxing match against Anthony Joshua?
1766187465,0x3f1faf825d4b9084b93049146bda34555e7773cf9900b05d8c79526e52a87bdc,0xde0463ea7f611b065e8ab06bbfbddad75e6dfa37,cbb-sdkst-wbd-2025-12-19,Milwaukee Panthers,BUY,0.3541822,2000,708.3644,South Dakota State Jackrabbits vs. Milwaukee Panthers
1766187563,0x5e286a8e5f2cbf74ce2d7c80d8fff789f3f864e6ac099dc329dfaf3f1277b24c,0x3440a113f34460e9a1aa0971861935ea1dd885e5,will-jake-paul-win-his-boxing-match-against-anthony-joshua,Yes,BUY,0.08587699022357334,2678.249417,229.999999,Will Jake Paul win his boxing match against Anthony Joshua?
1766187563,0x7101ee1a9eb5833aa43691e4802e8a7210dd3904338e8a7216b954a94b016868,0x95923e6dfa4e685361ffb0ead28657d3fa1aa85b,will-michael-jackson-be-named-in-newly-released-epstein-files,Yes,BUY,0.689558025003157,633.52,436.8488,Will Michael Jackson be named in newly released Epstein files?
1766187561,0x1775418ddce602a093091e44ac3fae25a0f091a9ac83cb0d6afc71f2e3071784,0xe40787194c2a6114ee9f297133cd91624183438b,will-jake-paul-win-his-boxing-match-against-anthony-joshua,No,BUY,0.915999992515903,112.23799,102.809998,Will Jake Paul win his boxing match against Anthony Joshua?
1766187561,0x8800302ca2368d3fe2fab18bc7af688881658536836213ef7a3cad10eb9562af,0xc9ad18bc5d11639af167cc879fbc1333e22e79d0,will-anthony-joshua-win-his-boxing-match-against-jake-paul,Yes,BUY,0.89,300,267,Will Anthony Joshua win his boxing match against Jake Paul?
1766187561,0xd12dcba51f594a6297d90c14f2fa2abb68bdd182ee742f7b2fdebcc3324c46f2,0xe60a9b0be459d9849bc2339dac20517639ae6a47,nba-mia-bos-2025-12-19,Heat,BUY,0.28,250,70,Heat vs. Celtics
1766187559,0x59322397632e7f6ee4483ffe369d72ae4916e85f7acfdecce5aed19ac644f7bd,0x197040709ae61627d3685a8d6ce1f9e82e6b398d,will-anthony-joshua-win-his-boxing-match-against-jake-paul,Yes,BUY,0.89,800,712,Will Anthony Joshua win his boxing match against Jake Paul?
1766187557,0x8d3e31f2bd833b715567d4506ce13b0b11c90a371ea297dfb5f16c550ea4e35c,0xde5314ddd05574a22cdaeef4e9ab2c02ce90e5be,nba-was-mem-2025-12-20,Wizards,BUY,0.2088095238095238,252,52.62,Wizards vs. Grizzlies
1766187555,0xc663c7cf92b85511e84c24451cc02748793693b8b078a35b193284d13503892e,0x7df61ca342c9b53ba9b4c60745718ed48a77ac3b,timothy-chalamet-confirmed-to-be-esdeekid-by-june-30,No,SELL,0.97395625,200,194.79125,Timothy Chalamet confirmed to be EsDeeKid by June 30?
1766187555,0x507aacb7cc79a14b46c55c6b10363ebf3aa99b148b9f01efdffe2ed39e51ece6,0x53757615de1c42b83f893b79d4241a009dc2aeea,boxing-jake-paul-vs-anthony-joshua,Paul,BUY,0.11,6394,703.34,Who will win Jake Paul vs Anthony Joshua?
1766187555,0xba18d4ac25bde83a266f2a037ca23ee4401584652a58e2f4e9a1ea6976eb97ff,0x06e64174adde7055e56c4dbb75596098e4c787e6,nba-okc-min-2025-12-19,Thunder,BUY,0.71,422,299.62,Thunder vs. Timberwolves
1766187555,0x4d31c6c80b0964683e096bc44480184f50a075dec8b86989df641ec3f912e78d,0x315c0fe4c02b98e601033c98f572678c806b593b,cbb-sdkst-wbd-2025-12-19,South Dakota State Jackrabbits,BUY,0.4,175.925,70.37,South Dakota State Jackrabbits vs. Milwaukee Panthers
1766187553,0xd5c22761916521c656cb48aa06199b0d477ac7d3e5f8aa271c18337c3a38968f,0x594c29df0c29c6a6abb15cd18c0ee41aa7ee3399,lighter-market-cap-fdv-4b-one-day-after-launch-886-225,No,SELL,0.81,100,81,Lighter market cap (FDV) >$4B one day after launch?
1766187551,0x85a841a4629ef50d79fcf48ae39bfd0edd3b6bedb9fa0df1e415e933d610d685,0x63e32fe6f546aaa831d3dd41280a0a14379a8876,btc-updown-15m-1766187900,Up,BUY,0.5,240,120,Bitcoin Up or Down - December 19. 6:45PM-7:00PM ET
1766187551,0xa2df71532c0848b1acecde143868b61928d74febf80a3a95c1dc74444abe4160,0x77b1763bbefd99f4d49309e10541401058c3bcdb,will-the-fight-end-in-another-outcome,Yes,SELL,0.03005897897357763,9562.73,287.4459,Will Jake Paul vs. Anthony Joshua have no official winner?
1766187549,0x9a6c06b6bb0281f43e572b9860702019aa24eded04389a0efe4c2e60c4a17f14,0x04f0144acc34b5d041eb36c9e2d7550a1d752112,will-bitcoin-reach-250000-by-december-31-2025,No,SELL,0.996,13571.11,13516.825560000001,Will Bitcoin reach $250.000 by December 31. 2025?
1766187549,0xf18f2415da55e30780cc952ec4bb96a33ba4afd340cf8bd840c35e08bf48765c,0x204f72f35326db932158cba6adff0b9a1da95e14,cbb-sdkst-wbd-2025-12-19,South Dakota State Jackrabbits,BUY,0.35,187.95,65.7825,South Dakota State Jackrabbits vs. Milwaukee Panthers
1766187549,0x96b01c2d6fcac3adac85e85a8141a563423abf548a8c33d5035b3d417dd76aec,0x44b90919f569a70d29377e47fcc2edb2eba30598,will-bitcoin-hit-80k-or-100k-first,80k,BUY,0.5019219041632315,199.23418,99.99999900000002,Will Bitcoin hit $80k or $100k first?
1766187549,0x54a9edf6009231f3b82c8b77643df70ae4b1910d18da818ab2e9863e62e905ee,0xd9e76753bd90422f9d056c7af80f4a7b33f84dc1,cbb-sdkst-wbd-2025-12-19,South Dakota State Jackrabbits,BUY,0.3499999986,285.714284,99.999999,South Dakota State Jackrabbits vs. Milwaukee Panthers
1766187653,0x612ce5e7eadea17ba93c04a7e73a3ddb78135779138518364da11022cd8fcd6e,0xe60a9b0be459d9849bc2339dac20517639ae6a47,nba-sas-atl-2025-12-19,Spurs,BUY,0.61,935,570.35,Spurs vs. Hawks
1766187653,0x74127e687daf9cb07f9720cbd5e808a7f12c9a084245b3979dbe43707d89a380,0x474a1e31351717951d4988de08c2b9495f5692ee,btc-updown-15m-1766187000,Down,BUY,0.99,182.76,180.9324,Bitcoin Up or Down - December 19. 6:30PM-6:45PM ET
1766187651,0x2af502878e83649b7132aa6f1428665578ddb1e45ca5ff2a1ca8eeacfb8f5cfb,0xd71a361f2c54d1dc1a7ab1b162aa419105ae9498,nba-mia-bos-2025-12-19,Heat,BUY,0.28,495,138.60000000000002,Heat vs. Celtics
1766187651,0x4d2976ba1afdee119149f7c6a72034f62dd5cd82ef42e0312d9c81575ef82efc,0xead152b855effa6b5b5837f53b24c0756830c76a,nba-phi-nyk-2025-12-19,Knicks,BUY,0.69,10000,6899.999999999999,76ers vs. Knicks
1766187651,0x614299f55dee10a4a31d461dfe3c9a5e5d7a8a3684073f72ac1dea502faa6349,0x7fdc0f0e0205aac4ee092e7ed6bd35add9451830,over-30m-committed-to-the-gensyn-public-sale-436,No,BUY,0.72,149.91,107.9352,Over $30M committed to the Gensyn public sale?
1766187651,0x0afdea7b48b96b5eda368cdc41b754f05888bcaafcbb2faba9c314b47c0b799e,0xaad1ea55e16e3110ce4cc2b52154659aa1ebb7c0,over-20m-committed-to-the-gensyn-public-sale-977-725,Yes,BUY,0.6784978218416704,133.14,90.33519999999999,Over $20M committed to the Gensyn public sale?
1766187649,0x97e66609efc34f904661a085608d7549b08e24619ebfefd3e8fca3c1f8c133a7,0x53757615de1c42b83f893b79d4241a009dc2aeea,boxing-jake-paul-vs-anthony-joshua,Paul,BUY,0.11,5350,588.5,Who will win Jake Paul vs Anthony Joshua?
1766187743,0x5137db51e6fc42d6785768a265fd2d09127da1475e698cf0b944776dfa8d5c2d,0xca0b89a0f7798fa75546eb775a640c00a4d251c0,nhl-car-fla-2025-12-19,Hurricanes,BUY,0.56,690,386.40000000000003,Hurricanes vs. Panthers
1766187743,0xf5d7caff272ac49c8b0094058c593963105a97f041a6c9eb3f935be7aaf8c334,0x5c972b2518de973d12ffd9108978cd8f43f7fbff,nfl-ne-bal-2025-12-21,Ravens,SELL,0.59,581,342.78999999999996,Patriots vs. Ravens
1766187743,0x1e92b140730cd148f5e46653b5d3cb3e48ee75feb9d9fef80cc17550910164e2,0xa9b3f5f0f4e7bad55ab3cebaeeea0b3e66c484bd,nfl-ne-bal-2025-12-21,Ravens,SELL,0.59,392,231.28,Patriots vs. Ravens
1766187741,0x9a13bd2ada82aff1510b51b1c4e55d87ea037127f58980d138b7d2e3e50e9c7a,0x63e32fe6f546aaa831d3dd41280a0a14379a8876,bitcoin-up-or-down-december-19-6pm-et,Down,SELL,0.86,78.79,67.7594,Bitcoin Up or Down - December 19. 6PM ET
1766187739,0x1869fe1183b7d76a0a4656ec80f03a244b5ca177efbe123a8b268c16e6e3e5a4,0x006608d41f0083473aef36b385d45ed526fab477,btc-updown-15m-1766187000,Down,BUY,0.99,120,118.8,Bitcoin Up or Down - December 19. 6:30PM-6:45PM ET
1766187739,0xf00e554115fb1173c924d613664b9141853f320e8319c9bb37dfd1d255bd42f2,0x740b95ed0aefb264360a3530dd3a298a018a1d47,nba-chi-cle-2025-12-19-spread-home-6pt5,Cavaliers,BUY,0.439999998064,227.272726,99.999999,Spread: Cavaliers (-6.5)
1766187739,0x02087d8bf1e530b18abfbcc3f3f63b9124adc835d319eaad3c74ff8b629fed4b,0xc98b99ed7f9748fb3eb8d13d0e4531d023286430,will-michael-jackson-be-named-in-newly-released-epstein-files,Yes,SELL,0.65,145.41,94.51650000000001,Will Michael Jackson be named in newly released Epstein files?
1766187739,0xd55abc600bbadf4d17869463780004723573d466bb88d80f45d54eb11e452427,0x53757615de1c42b83f893b79d4241a009dc2aeea,boxing-jake-paul-vs-anthony-joshua,Paul,BUY,0.11,7000,770,Who will win Jake Paul vs Anthony Joshua?
1766187833,0xf660575f76886e0b94ee3a0a4544d29a0135a92d3b6004598817b5ff66e6595b,0x53757615de1c42b83f893b79d4241a009dc2aeea,boxing-jake-paul-vs-anthony-joshua,Paul,BUY,0.11,5377,591.47,Who will win Jake Paul vs Anthony Joshua?
1766187833,0xd9a57a9e1838d95eaf62c15e8b3f0694f37fd243829e555e7552dc40bd12e895,0x1af1dfc2c523af1d7551597c985277cd11b30f7b,cfb-ala-okl-2025-12-19,Oklahoma,BUY,0.55,52352.61,28793.935500000003,Alabama vs. Oklahoma
1766187831,0xcbb6071d5434102e5543a80edd59cc4d6e20bb7431f4af8a7379413c94bd69c3,0x0909e73b7733638b4b94de7498cd4f29951891ca,eth-updown-15m-1766187000,Down,BUY,0.98,73.3367,71.86996599999999,Ethereum Up or Down - December 19. 6:30PM-6:45PM ET
1766187831,0x65ee6d1f6f2abda85fd123647a812975cc32270a8c527f8ef6c81ef667d04251,0xe60a9b0be459d9849bc2339dac20517639ae6a47,nba-bos-tor-2025-12-20,Raptors,BUY,0.51,100,51,Celtics vs. Raptors
1766187831,0x58f2ff6dcf16b68d2d4bc5ce92ddf487f8add1f61f415d632ebf4bbf8a2ff668,0x6400219cccc8eaaa22729253111fd6660d20331a,btc-updown-15m-1766187900,Up,BUY,0.5,132.08,66.04,Bitcoin Up or Down - December 19. 6:45PM-7:00PM ET
1766187829,0x3f99e5de12d01ad244390673ed0a822fdeda5fe5929f97a8379534854a52a2fd,0xcf52037a810c71cffc90806c381f2faf8ea06ebf,will-leverkusen-win-the-202526-champions-league,No,BUY,0.995,247.8592,246.619904,Will Leverkusen win the 2025–26 Champions League?
1766187829,0x96df162cca2562c385458d604c173817facfc9019760db4a68872ab8b4034b78,0x478184ec8bdb7395ca7025d19a61d9af9c72336d,nba-phi-nyk-2025-12-19,Knicks,BUY,0.689999998965,144.927535,99.999999,76ers vs. Knicks
1766187829,0x011c88a304c188679185b123589bb69c82ee692d612cb7c58891c2c466e3d0de,0x7cd156802a8c9f4c9c8a1fa6270529c8b43e8d05,eth-updown-15m-1766187000,Down,BUY,0.98,98,96.03999999999999,Ethereum Up or Down - December 19. 6:30PM-6:45PM ET
1766187829,0x5e36815849f810824e955052430b33edbcf9f5c72b466940a0b393f27c256d8e,0x5cc8baf60f47174ecff6f5154f4b226d7669b857,will-the-pittsburgh-steelers-win-super-bowl-2026,No,BUY,0.987,128.74,127.06638000000001,Will the Pittsburgh Steelers win Super Bowl 2026?
1766187827,0xebfe25050e0d174dcc4c773627b304cce1ada27e182fe3689e727f64eb07e189,0xdbb6084003d339aa9bb28c231960cda99fc19dec,will-arsenal-win-the-202526-english-premier-league,No,BUY,0.4699999994203333,638.297871,299.999999,Will Arsenal win the 2025–26 English Premier League?
1766187921,0xe2e3b946bd9978557ec62022a1eea9f35d638c84415bd546d482648007f8a143,0xd218e474776403a330142299f7796e8ba32eb5c9,will-the-fight-end-in-any-other-result-367-365,No,BUY,0.99,197.95,195.9705,Will the fight be ruled a No Contest or end in any other result?
1766187921,0xb69c046dec4b716a87109e8cbf39ad61b7c699a26062caebc6907101d6fb5b08,0x58fb5aca6be2d9258c79cd4eafd0b532baf157db,will-jake-paul-walk-out-to-real-american-by-rick-derringer,Yes,BUY,0.589999999056,169.491524,99.999999,Will Jake Paul walk out to Real American by Rick Derringer?
1766187921,0x9be31486e93bf8a3418cbf585f3df314a1adb180188061bf51287a42d86b7d5a,0xd218e474776403a330142299f7796e8ba32eb5c9,will-the-fight-end-in-a-draw-395,No,BUY,0.984,197.95,194.78279999999998,Will the fight end in a draw?
1766187921,0xad5b064d6e4b39c1495c21ae0c0cdbbb59a3749c9e0370e7425cc8802f79935a,0xd218e474776403a330142299f7796e8ba32eb5c9,will-anthony-joshau-win-by-kotkodq-113,No,BUY,0.26,197.95,51.467,Will Anthony Joshua win by KO/TKO/DQ?
1766187921,0xe68d47478affb8747c6dc9bbc63a30dcd537570c52d59cb2dbdf8a5eea0a8266,0xd218e474776403a330142299f7796e8ba32eb5c9,will-jake-paul-win-by-kotkodq-811,No,BUY,0.964,197.95,190.82379999999998,Will Jake Paul win by KO/TKO/DQ?
1766187921,0xebcd8034280793b1963295e1d58ad7a5e2cc58402e6ebb74f5ff8f15de5135e2,0xd218e474776403a330142299f7796e8ba32eb5c9,will-anthony-joshua-win-by-points-or-technical-decision-459,No,BUY,0.84,197.95,166.278,Will Anthony Joshua win by decision or technical decision?
1766187921,0x114c3bccc0187e1d6835bddd0a1e7ea233570a760f0f6d46be1ea7ed9988210f,0x0875e83361ca541c227e6ce87e877bbd7a7bf9d4,will-jake-paul-win-his-boxing-match-against-anthony-joshua,No,SELL,0.914,56.42,51.56788,Will Jake Paul win his boxing match against Anthony Joshua?
1766187919,0x7bb1b935fad2fb4462fa76efbab6c30dbd82311e1f7799c6d24ed233ffdb8d31,0x8b1b62d5c5bf631e814c8db6e9b78f60a2a09457,will-michael-jackson-be-named-in-newly-released-epstein-files,Yes,BUY,0.7276475778699374,113.33,82.46430000000001,Will Michael Jackson be named in newly released Epstein files?
1766188013,0xd60b72d89d0168c73911cb28e68098291215979a74b3e0f1b1acc83345fada08,0xd6b4bf910d4479184c4e17e01ec83ecbd376a278,nhl-van-nyi-2025-12-19,Islanders,BUY,0.56,9500,5320.000000000001,Canucks vs. Islanders
1766188013,0x4f2c53b5e6bd0d82d3edb6c70372f192a295556af6d201b3044a30be303a2bca,0x35babd5d42a0d28341fe70e1714253ed370f9cdf,ethereum-up-or-down-december-19-6pm-et,Down,SELL,0.88,148.4,130.592,Ethereum Up or Down - December 19. 6PM ET
1766188013,0xbdb340c0072e9b202694eaa6cbf99723e36ba5d8a6b1fd8bf8a27a924149cd96,0x53757615de1c42b83f893b79d4241a009dc2aeea,boxing-jake-paul-vs-anthony-joshua,Paul,BUY,0.11,4923,541.53,Who will win Jake Paul vs Anthony Joshua?
1766188011,0x3ff4f7d9049f7a46e170ea154fddcac590b8dae5d202fbe925fc3a67fc521072,0x7131cb618fb195c70e8e629c45199096833c29cc,will-david-copperfield-be-named-in-newly-released-epstein-files,Yes,BUY,0.8485291285253188,188.99,160.36352000000002,Will David Copperfield be named in newly released Epstein files?
1766188011,0x5ab1c4eefb395dfb42499ef6244603d37d97781802d279c4ac81a80ff0f638ee,0xd218e474776403a330142299f7796e8ba32eb5c9,will-jake-paul-win-by-kotkodq-811,No,BUY,0.965,387.88,374.3042,Will Jake Paul win by KO/TKO/DQ?
1766188011,0x5c4d479e40e9e4569495ecf59a076bc70698fe5517ce8d8af416e738c190d8df,0xbace5a5a9e309d69164dc81788d353fed8d43429,megaeth-market-cap-fdv-4b-one-day-after-launch-484-688,No,BUY,0.92,3242.61,2983.2012000000004,MegaETH market cap (FDV) >$4B one day after launch?
1766188011,0x82b2e7ca667e80a4edcee492c578ef5d08774e1059cbe234fa9eac945f122fcd,0xe60a9b0be459d9849bc2339dac20517639ae6a47,nhl-wpg-col-2025-12-19,Avalanche,BUY,0.7,136,95.19999999999999,Jets vs. Avalanche
1766188011,0xe27181504155640eaefc34ee9ed67a221aed33330e8468b6786d8f93485cf10e,0x091eff205c9852cce82b530c6c2c31e530c684bc,cbb-sdkst-wbd-2025-12-19-total-152pt5,Over,BUY,0.9885105115328964,117.49,116.14009999999999,South Dakota State Jackrabbits vs. Milwaukee Panthers: O/U 152.5
1766188009,0x3be04e6d31f75e9ad6ec767cbe4b889ea2ebfa0294eca49da3da5a0bee8cc5a6,0x61c2adcd072cf46adc6b5e01edff51aa64ead436,cbb-coppst-navy-2025-12-19,Navy Midshipmen,BUY,0.9987943714503456,1461.762,1459.999658,Coppin State Eagles vs. Navy Midshipmen
1766188009,0x356808610438c39974c03ba87cc513733e49735f404aff5c6e85ed55b1a2e0e9,0xe60a9b0be459d9849bc2339dac20517639ae6a47,nba-sas-atl-2025-12-19,Spurs,BUY,0.61,100,61,Spurs vs. Hawks
1766188009,0x96696317456ae76c582f951961b2fe986ac048c9f9af2ee05a5980aa2dcc32e4,0xd218e474776403a330142299f7796e8ba32eb5c9,will-anthony-joshau-win-by-kotkodq-113,No,BUY,0.26,387.88,100.8488,Will Anthony Joshua win by KO/TKO/DQ?
1766188009,0x27027763fbeaa7444b579c61f6f44b5b9ff28fbcced72d4832ecc1c92e6cb571,0xa3ad70cf48a2f2b44163e798223c01a2c2536866,will-avatar-fire-and-ash-opening-weekend-box-office-be-between-101m-and-112m,No,BUY,0.939,501,470.43899999999996,Will "Avatar: Fire and Ash" Opening Weekend Box Office be between 101m and 112m?
1766188103,0x8b3cc40bba1269fa28e7f6cd3e45b4479c68523ea54aadfda454cfdfb9e2f18d,0x53757615de1c42b83f893b79d4241a009dc2aeea,boxing-jake-paul-vs-anthony-joshua,Paul,BUY,0.11,3029,333.19,Who will win Jake Paul vs Anthony Joshua?
1766188103,0x5511686ae8b5bd6b9e5e6d1dd6d3696d13cbf795b7754e7794c66d83fb32ff65,0xa1ef5db4318d2d0bec8564ed6da673ceee8892f0,zelenskyy-out-as-ukraine-president-before-2027,No,SELL,0.61,327.86,199.9946,Zelenskyy out as Ukraine president by end of 2026?
1766188101,0xde83d2c8faa30181a078c19a67df5f08963a7bf476b9077094855a22115b2b98,0x5f24208bdf25b864b3980164b971a9d621f359e7,cbb-coppst-navy-2025-12-19,Navy Midshipmen,SELL,0.999,121.37,121.24863,Coppin State Eagles vs. Navy Midshipmen
1766188101,0x6f19b09d4f65779d39bd84665d0929c89666c0e04d1f813be5f509868341b8be,0xbb6df1409c5b292fd72f49172838f795de062951,bitcoin-above-96k-on-december-20,No,SELL,0.999,86.08,85.99392,Will the price of Bitcoin be above $96.000 on December 20?
1766188099,0xbc901fe931eb3ee11f0d8e720b01c03973e0a9bdc46242f5a831c09838392bfc,0xca52446eaad30e546f344849ae1afd92eb360cdf,will-any-google-gemini-3-model-score-at-least-1500-on-lmarena-by-december-31,No,SELL,0.966,103.45,99.9327,Will any Google Gemini 3 model score at least 1500 on LMArena by December 31?
1766188099,0xbfbfb7817e9622791b187a3b9de19e26388e72f372ecf5a29b487d5609f22809,0x733abc45ad43e8280f32e6b7429713b0372a8b85,will-the-fight-end-in-another-outcome,Yes,BUY,0.036314074360334424,2753.753242,99.99999999999999,Will Jake Paul vs. Anthony Joshua have no official winner?
1766188099,0xbdb56e0f5dd00500d4e1899af32e4b11ffbdf3cb143ea9b1c1b51092d16b6213,0xd9e76753bd90422f9d056c7af80f4a7b33f84dc1,cbb-sdkst-wbd-2025-12-19,South Dakota State Jackrabbits,SELL,0.13601255037732277,369.71,50.285199999999996,South Dakota State Jackrabbits vs. Milwaukee Panthers
1766188099,0x6572771b64ec3b01de7a54bc04682f54a7ff52f91b326653388d44317a9337d9,0xafb8523f97af6a310d9c03d4290a81c09c3bd9c1,hok-wb-agsp-2025-12-19-game3,AG Super Play,BUY,0.999,1486,1484.514,Honor of Kings: Weibo Gaming vs AG Super Play - Game 3 Winner
1766188097,0xe6f590a723d24089afb39060abc706776c979915b62178cb75699a648464a6f6,0x080a53ccb5caf5949d2e67074e8629fe1f249da4,eth-updown-15m-1766187900,Down,BUY,0.59,113,66.67,Ethereum Up or Down - December 19. 6:45PM-7:00PM ET
1766188193,0xa7a66c4f1785014e88ff4a4d8be5c45992a0349b2c5755d9593c7bab7e282b86,0x661ee4b0a2fa5c6a4f6c278c053eaa74c47481d6,nba-okc-min-2025-12-19,Thunder,BUY,0.7199999981999999,111.11111,79.99999899999999,Thunder vs. Timberwolves
1766188193,0xa3c5e9db77b158f35c1a06d880a9535b36b5e6b2ce6b7489f4a482ae0a456b33,0x270ac6446df63831db948af1756b50402f1be701,bitcoin-above-80k-on-december-20,Yes,BUY,0.999,169.329,169.159671,Will the price of Bitcoin be above $80.000 on December 20?
1766188193,0xf9185566b02bc0be9fb08866c8c164244d61f51f134b92f2d2d674bd0b4eddb2,0x301a6364eddb3be023d06b91d1e659fb99750402,bitcoin-up-or-down-december-19-6pm-et,Down,BUY,0.97,102.04,98.9788,Bitcoin Up or Down - December 19. 6PM ET
1766188193,0x125152858e4972ef2fa70a30221292bf21a810969c885832ff6e0de0cf6de589,0x53757615de1c42b83f893b79d4241a009dc2aeea,boxing-jake-paul-vs-anthony-joshua,Paul,BUY,0.11,5646,621.0600000000001,Who will win Jake Paul vs Anthony Joshua?
1766188191,0x831f905f87a6e04f9f89861e87405b22c3c64395a81b9e646cf6d0dab8610be8,0x79b3e5736b39d6372d02ae0a0b5be01966e67b16,nba-mia-bos-2025-12-19,Celtics,BUY,0.729999994583907,179.095889,130.739998,Heat vs. Celtics
1766188189,0xcb98f7724ae1933f0de27d2cb634a3fe2b2050d3881fecc28a0d9cbfe89c7b82,0x44551522c7b8beab2164c36f04f5fd65c47298e5,nba-phi-nyk-2025-12-19,Knicks,BUY,0.689999998965,144.927535,99.999999,76ers vs. Knicks
1766188189,0xea9f10efe762a9b87531b14d6fac7251464da66167a43f0a13ed7bbff552addb,0xb8d14d0488bee8a3f1403d118ba876f2e6ee40c3,eth-updown-15m-1766187900,Down,BUY,0.7154264967757024,91.833332,65.699999,Ethereum Up or Down - December 19. 6:45PM-7:00PM ET
1766188283,0x7491fa8569154cfb9c14535acb1fe6ba8dbc22b19399a557e8358ac2ccdccc58,0x961afce6bd9aec79c5cf09d2d4dac2b434b23361,eth-updown-15m-1766187900,Down,BUY,0.79,126,99.54,Ethereum Up or Down - December 19. 6:45PM-7:00PM ET
1766188283,0x21e714fa2d7269d8e55ccbe877d63ac391fd776ccc359dce516320e40cef3643,0x961afce6bd9aec79c5cf09d2d4dac2b434b23361,eth-updown-15m-1766187900,Down,BUY,0.78,156.92,122.3976,Ethereum Up or Down - December 19. 6:45PM-7:00PM ET
1766188283,0x5374175d24c252aadbfaec4ae1246268ad36ddc6f2c168c80187ba18873eb61a,0x7f69983eb28245bba0d5083502a78744a8f66162,btc-updown-15m-1766187900,Down,BUY,0.78,75,58.5,Bitcoin Up or Down - December 19. 6:45PM-7:00PM ET
1766188281,0x2f5617dfd9040c9583b90f5c48daf70317fd013ace403d99c1e7bef7fcb985f3,0xff587844872c05c9d5dcb1ebcff75e6133befbc7,will-the-fight-end-in-another-outcome,Yes,BUY,0.03623992464242948,12469.672701,451.89999900000004,Will Jake Paul vs. Anthony Joshua have no official winner?
1766188281,0xbf7abe04b8e9366164e676ab1b3fd3aecadd5c09b8546dad2829b552a0f863c2,0x961afce6bd9aec79c5cf09d2d4dac2b434b23361,xrp-updown-15m-1766187900,Up,BUY,0.7230674846625766,163,117.86,XRP Up or Down - December 19. 6:45PM-7:00PM ET
1766188281,0xccb6e9c3a7191ae74e56889194384973aee5f6c37d9ec987fe974bf6a8af46a1,0xd218e474776403a330142299f7796e8ba32eb5c9,will-jake-paul-win-his-boxing-match-against-anthony-joshua,No,BUY,0.915,4340,3971.1000000000004,Will Jake Paul win his boxing match against Anthony Joshua?
1766188281,0xc763b0a6128177ccf61b870ab542039791b6d0137a0add4358d04a1b06c70b9e,0xe8dd7741ccb12350957ec71e9ee332e0d1e6ec86,will-anthony-joshua-win-his-boxing-match-against-jake-paul,No,BUY,0.1199999995850443,1927.916665,231.349999,Will Anthony Joshua win his boxing match against Jake Paul?
1766188281,0x248bd975db60a2c6b7e7bad1e427b6734ed2e2b43e3c25099eb62523e16ab112,0xd218e474776403a330142299f7796e8ba32eb5c9,will-anthony-joshua-win-his-boxing-match-against-jake-paul,No,BUY,0.12,4340,520.8,Will Anthony Joshua win his boxing match against Jake Paul?
1766188373,0x2750d3258eddbb2a31ecf4957697c67bd15906b2f63efe5cef64b3fd6386b3e5,0xac54fc90bd6c7e611b3d2acc28384e42991db559,will-monaco-win-the-202526-champions-league,No,SELL,0.996,69,68.724,Will Monaco win the 2025–26 Champions League?
1766188373,0x9d0829b03ee1f9ac1ec2ac9ddffb061c0270aa0affdec4e47008e74e51f26e65,0x65fe44d1f9cb32a27a37a720547243bcdc359b1f,will-michael-jackson-be-named-in-newly-released-epstein-files,Yes,BUY,0.66,151.51515,99.999999,Will Michael Jackson be named in newly released Epstein files?
1766188371,0xe7c49806da104fca31bd2e9b577f78a19d3ba8e228caca1c72f6176b45ce6dc9,0xbbe9bb7826bff6c8b623cff44473e59f8863aa4c,will-the-fight-end-in-another-outcome,Yes,BUY,0.0339999994594,1764.705881,59.999999,Will Jake Paul vs. Anthony Joshua have no official winner?
1766188371,0x758a64854d9c83cc126361e2cecacb993bce2a82499f8ec4bb62a0ff2129894a,0x3804fb6b5781d6829f2ac3967647e98021b66136,nba-sas-atl-2025-12-19,Spurs,BUY,0.61,239,145.79,Spurs vs. Hawks
1766188371,0xf89ff04a11684b7ecc10eeb1a6ccae249e2dcc549014a640797dab8628791710,0xd218e474776403a330142299f7796e8ba32eb5c9,will-the-fight-end-in-a-draw-395,No,BUY,0.983,128.83,126.63989000000001,Will the fight end in a draw?
1766188371,0x5a9e0e8d5a74700c888e82726d3237ce1b43c2239c1672753a97133a2b082945,0xe8dd7741ccb12350957ec71e9ee332e0d1e6ec86,will-jake-paul-win-by-kotkodq-811,No,BUY,0.9629999998798214,108.172351,104.16997400000001,Will Jake Paul win by KO/TKO/DQ?
1766188371,0xd2e3f48c3c0d4462645b5633d72626b097ad2c831078afcb6ac1ca6f9659179e,0xd218e474776403a330142299f7796e8ba32eb5c9,will-anthony-joshua-win-by-points-or-technical-decision-459,No,BUY,0.84,128.83,108.2172,Will Anthony Joshua win by decision or technical decision?
1766188371,0x355999d5dc294babef0cf1a49fb5bc1fd823b8c96ec51e5a2f5d46496b9b753a,0xd218e474776403a330142299f7796e8ba32eb5c9,will-jake-paul-win-by-points-or-technical-decision-691,No,BUY,0.965,128.83,124.32095000000001,Will Jake Paul win by decision or technical decision?
1766188371,0x8cc6aca88f259e9234960731580b904e77767852e6d7671d189fab1ee6c2f30e,0xe8dd7741ccb12350957ec71e9ee332e0d1e6ec86,will-anthony-joshua-win-by-points-or-technical-decision-459,No,BUY,0.839999998890723,108.178568,90.869997,Will Anthony Joshua win by decision or technical decision?
1766188463,0x8ca0c446d27415f9930737e8d20ffa73653f34330cb77ecb587f83c13665148c,0x08458f7e9d2858027de579e4c3ca305475496b6f,will-charlie-kirk-win-the-nobel-peace-prize-in-2026,No,SELL,0.99,370,366.3,Will Charlie Kirk win the Nobel Peace Prize in 2026?
1766188463,0xc8aeb2ee01108d7e581eba6c1c36c6cc3faa5da953fdda583b3eb25f170e1c4b,0x63d43bbb87f85af03b8f2f9e2fad7b54334fa2f1,will-anthony-joshua-win-his-boxing-match-against-jake-paul,No,BUY,0.12,2000,240,Will Anthony Joshua win his boxing match against Jake Paul?
1766188463,0x6eab561fa02af12576b059ead597993654ebb2acdcd944701311958267ca9cbb,0x649a0464dbabf1692d88df490fe0defc672de4bc,nfl-ne-bal-2025-12-21,Ravens,SELL,0.59,381.83,225.2797,Patriots vs. Ravens
1766188463,0x6712cece08ddd6fbd221d12ffb84671e040eb7db3f1b12fa72298100e51a1696,0x6603c53617ffc961bcac103456f024b73930959e,will-jake-paul-win-his-boxing-match-against-anthony-joshua,Yes,BUY,0.08997853747988616,6946.100887,624.9999989999999,Will Jake Paul win his boxing match against Anthony Joshua?
1766188463,0xe0e0e23e248281a90aeb8932f725fa0ff22500b8c0f31c6887b3c7a912a9fb1a,0x63d43bbb87f85af03b8f2f9e2fad7b54334fa2f1,will-the-fight-end-in-another-outcome,No,BUY,0.97,2000,1940,Will Jake Paul vs. Anthony Joshua have no official winner?
1766188551,0x087cc3c867ec8a65242d31085c93a05646d256949240e228c4c3e5eae110254b,0x11b8c98efccfeda7d5fb86931bbd19de3324435f,will-trump-release-the-epstein-files-by-december-19-771,Yes,SELL,0.994,140.71,139.86574000000002,Will Trump release the Epstein files by December 19?
1766188551,0x3f8e4299055269230dad1a11e12eb4f9fdfd2b342b0c5fbdf8765536399cbe70,0x7808d76c5e49a4d95a4398be27652b4096c63046,sol-updown-15m-1766187900,Down,SELL,0.86,72.11,62.0146,Solana Up or Down - December 19. 6:45PM-7:00PM ET
1766188551,0x121512283814c15056b06093e45719fc380fdd57e66823a2c446a486fa7e7d84,0xcb9503ef1e252072bf812f2747bc4f8dbb3aec0a,will-robert-glatzel-be-the-top-goal-scorer-in-the-202526-bundesliga-season,No,BUY,0.999,212.792,212.579208,Will Robert Glatzel be the top goal scorer in the 2025–26 Bundesliga season?
1766188551,0x3a768a1bc42edfc232aa7d2350012ce4e2c490671c107577d501fdc47e4dc847,0x77f4da588947535bcefdd6d6d49a3e06a1f632f4,will-the-golden-state-warriors-win-the-2026-nba-finals,No,SELL,0.978,59.3,57.9954,Will the Golden State Warriors win the 2026 NBA Finals?
